ts_unix_ms,t_since_start_s,phase,pcie_tx_GiB_s,pcie_rx_GiB_s,pcie_total_GiB_s,pcie_tx_cum_GiB,pcie_rx_cum_GiB,pcie_total_cum_GiB,pcie_tx_util_pct,pcie_rx_util_pct,pcie_total_util_pct,gpu_mem_used_GiB,util_gpu_pct,cpu_util_pct
1774778627205,0.038000,seed,0.000278,0.000325,0.000604,0.003917,0.003544,0.007461,0.001000,0.001000,0.002000,68.567871,0.000000,0.300000
1774778627247,0.080000,seed,0.003213,0.009732,0.012945,0.004052,0.003955,0.008007,0.011000,0.033000,0.044000,68.825684,0.000000,0.200000
1774778627289,0.122000,seed,0.003352,0.010291,0.013643,0.004197,0.004399,0.008596,0.011000,0.035000,0.046000,68.825684,0.000000,0.400000
1774778627332,0.165000,seed,0.003259,0.009499,0.012757,0.004335,0.004803,0.009138,0.011000,0.032000,0.043000,68.825684,0.000000,0.200000
1774778627375,0.208000,seed,0.003259,0.006473,0.009731,0.004473,0.005077,0.009551,0.011000,0.022000,0.033000,68.825684,0.000000,0.400000
1774778627417,0.250000,seed,7.827300,0.009639,7.836939,0.336561,0.005486,0.342047,26.678000,0.033000,26.710000,68.825684,0.000000,0.200000
1774778627459,0.292000,seed,0.003073,0.008986,0.012059,0.336691,0.005867,0.342558,0.010000,0.031000,0.041000,68.825684,0.000000,0.200000
1774778627502,0.335000,seed,0.008986,0.010198,0.019184,0.337072,0.006299,0.343370,0.031000,0.035000,0.065000,68.825684,0.000000,0.300000
1774778627544,0.377000,seed,0.012154,0.008754,0.020907,0.337586,0.006669,0.344255,0.041000,0.030000,0.071000,68.825684,0.000000,0.300000
1774778627587,0.420000,seed,11.244462,0.013084,11.257546,0.837887,0.007251,0.845138,38.324000,0.045000,38.369000,68.825684,0.000000,0.400000
1774778627631,0.464000,seed,0.003259,0.008335,0.011594,0.838027,0.007609,0.845636,0.011000,0.028000,0.040000,68.825684,85.000000,0.200000
1774778627674,0.507000,seed,0.002840,0.008056,0.010896,0.838147,0.007950,0.846097,0.010000,0.027000,0.037000,68.825684,85.000000,0.200000
1774778627716,0.549000,seed,0.003119,0.008288,0.011408,0.838279,0.008303,0.846582,0.011000,0.028000,0.039000,68.825684,85.000000,0.400000
1774778627759,0.592000,seed,0.002747,0.009266,0.012012,0.838396,0.008695,0.847090,0.009000,0.032000,0.041000,68.825684,85.000000,0.200000
1774778627801,0.634000,seed,12.632459,0.048755,12.681213,2.059571,0.013408,2.072978,43.055000,0.166000,43.221000,68.825684,85.000000,0.500000
1774778627897,0.730000,seed,0.002980,0.007776,0.010756,2.059696,0.013734,2.073429,0.010000,0.027000,0.037000,68.825684,98.000000,0.200000
1774778627939,0.772000,seed,0.002793,0.007544,0.010337,2.059812,0.014047,2.073859,0.010000,0.026000,0.035000,68.825684,98.000000,0.300000
1774778627981,0.814000,seed,0.002514,0.005914,0.008428,2.059918,0.014297,2.074214,0.009000,0.020000,0.029000,68.825684,98.000000,0.400000
1774778628024,0.857000,seed,0.251317,0.008335,0.259652,2.070598,0.014651,2.085248,0.857000,0.028000,0.885000,68.825684,98.000000,0.300000
1774778628066,0.899000,seed,0.002793,0.008894,0.011687,2.070716,0.015028,2.085744,0.010000,0.030000,0.040000,68.825684,98.000000,0.200000
1774778628108,0.941000,seed,0.004190,0.008242,0.012432,2.070911,0.015412,2.086323,0.014000,0.028000,0.042000,68.825684,98.000000,0.400000
1774778628155,0.988000,seed,0.002887,0.008148,0.011035,2.071033,0.015756,2.086790,0.010000,0.028000,0.038000,68.825684,98.000000,0.200000
1774778628197,1.030000,seed,0.002934,0.007869,0.010802,2.071158,0.016090,2.087247,0.010000,0.027000,0.037000,68.825684,98.000000,0.400000
1774778628240,1.073000,seed,15.451432,0.008894,15.460326,2.725930,0.016467,2.742397,52.663000,0.030000,52.693000,68.825684,98.000000,0.200000
1774778628282,1.115000,seed,0.002793,0.007869,0.010662,2.726049,0.016800,2.742848,0.010000,0.027000,0.036000,68.825684,98.000000,0.500000
1774778628324,1.157000,seed,0.003446,0.007636,0.011082,2.726195,0.017124,2.743319,0.012000,0.026000,0.038000,68.825684,98.000000,0.600000
1774778628367,1.200000,seed,0.002747,0.007589,0.010336,2.726311,0.017445,2.743757,0.009000,0.026000,0.035000,68.825684,98.000000,0.600000
1774778628409,1.242000,seed,0.003864,0.007869,0.011733,2.726488,0.017804,2.744292,0.013000,0.027000,0.040000,68.825684,100.000000,0.600000
1774778628455,1.288000,seed,0.002701,0.009266,0.011967,2.726602,0.018196,2.744798,0.009000,0.032000,0.041000,68.825684,100.000000,0.500000
1774778628497,1.330000,seed,4.699733,0.008428,4.708160,2.926065,0.018554,2.944618,16.018000,0.029000,16.047000,68.825684,100.000000,0.600000
1774778628540,1.373000,seed,0.008847,0.008707,0.017554,2.926439,0.018922,2.945362,0.030000,0.030000,0.060000,68.825684,100.000000,0.600000
1774778628582,1.415000,seed,0.011827,0.007311,0.019138,2.926940,0.019232,2.946172,0.040000,0.025000,0.065000,68.825684,100.000000,0.600000
1774778628624,1.457000,seed,0.003026,0.007544,0.010570,2.927069,0.019554,2.946623,0.010000,0.026000,0.036000,68.825684,98.000000,0.600000
1774778628667,1.500000,seed,0.002701,0.007683,0.010384,2.927184,0.019879,2.947062,0.009000,0.026000,0.035000,68.825684,98.000000,0.600000
1774778628709,1.542000,seed,0.002747,0.012107,0.014853,2.927303,0.020407,2.947710,0.009000,0.041000,0.051000,68.825684,98.000000,0.500000
1774778628753,1.586000,seed,11.920789,0.008335,11.929124,3.434450,0.020761,3.455212,40.629000,0.028000,40.658000,68.825684,98.000000,0.600000
1774778628795,1.628000,seed,0.002701,0.007217,0.009918,3.434565,0.021068,3.455633,0.009000,0.025000,0.034000,68.825684,98.000000,0.600000
1774778628838,1.671000,seed,0.002701,0.006332,0.009033,3.434679,0.021336,3.456016,0.009000,0.022000,0.031000,68.825684,98.000000,0.600000
1774778628880,1.713000,seed,0.002281,0.006985,0.009266,3.434776,0.021632,3.456407,0.008000,0.024000,0.032000,68.825684,98.000000,0.600000
1774778628922,1.755000,seed,0.002747,0.007776,0.010523,3.434893,0.021962,3.456854,0.009000,0.027000,0.036000,68.825684,98.000000,0.600000
1774778628965,1.798000,seed,0.002747,0.006798,0.009544,3.435009,0.022249,3.457258,0.009000,0.023000,0.033000,68.825684,98.000000,0.500000
1774778629007,1.840000,seed,0.002467,0.006518,0.008986,3.435119,0.022541,3.457659,0.008000,0.022000,0.031000,68.825684,98.000000,0.300000
1774778629052,1.885000,seed,0.002421,0.007077,0.009499,3.435222,0.022841,3.458063,0.008000,0.024000,0.032000,68.825684,98.000000,0.300000
1774778629094,1.927000,seed,0.002467,0.007544,0.010011,3.435327,0.023162,3.458488,0.008000,0.026000,0.034000,68.825684,98.000000,0.300000
1774778629137,1.970000,seed,0.002421,0.006239,0.008660,3.435429,0.023426,3.458856,0.008000,0.021000,0.030000,68.825684,98.000000,0.300000
1774778629179,2.012000,seed,0.002514,0.007217,0.009731,3.435536,0.023732,3.459268,0.009000,0.025000,0.033000,68.825684,98.000000,0.200000
1774778629222,2.055000,seed,0.002887,0.006798,0.009685,3.435658,0.024021,3.459679,0.010000,0.023000,0.033000,68.825684,98.000000,0.300000
1774778629264,2.097000,seed,0.002514,0.006891,0.009405,3.435765,0.024313,3.460077,0.009000,0.023000,0.032000,68.825684,98.000000,0.300000
1774778629306,2.139000,seed,6.488850,0.008754,6.497603,3.729342,0.024709,3.754050,22.116000,0.030000,22.146000,68.825684,98.000000,0.300000
1774778629352,2.185000,seed,0.002607,0.007031,0.009639,3.729453,0.025007,3.754460,0.009000,0.024000,0.033000,68.825684,98.000000,0.400000
1774778629394,2.227000,seed,0.002188,0.007403,0.009591,3.729546,0.025322,3.754867,0.007000,0.025000,0.033000,68.825684,100.000000,0.600000
1774778629437,2.270000,seed,0.002328,0.006659,0.008986,3.729644,0.025603,3.755247,0.008000,0.023000,0.031000,68.825684,100.000000,0.600000
1774778629479,2.312000,seed,0.002607,0.006100,0.008707,3.729754,0.025861,3.755616,0.009000,0.021000,0.030000,68.825684,100.000000,0.500000
1774778629521,2.354000,seed,0.002840,0.006286,0.009126,3.729875,0.026128,3.756002,0.010000,0.021000,0.031000,68.825684,100.000000,0.300000
1774778629564,2.397000,seed,0.002375,0.012293,0.014668,3.729976,0.026654,3.756631,0.008000,0.042000,0.050000,68.825684,100.000000,0.200000
1774778629607,2.440000,seed,0.003772,0.013364,0.017136,3.730148,0.027261,3.757409,0.013000,0.046000,0.058000,68.825684,98.000000,0.500000
1774778629652,2.485000,seed,0.002234,0.006332,0.008567,3.730243,0.027530,3.757773,0.008000,0.022000,0.029000,68.825684,98.000000,0.300000
1774778629694,2.527000,seed,0.002467,0.005541,0.008008,3.730348,0.027766,3.758114,0.008000,0.019000,0.027000,68.825684,98.000000,0.200000
1774778629737,2.570000,seed,0.002561,0.006332,0.008893,3.730456,0.028034,3.758490,0.009000,0.022000,0.030000,68.825684,98.000000,0.300000
1774778629779,2.612000,seed,0.002234,0.006705,0.008940,3.730551,0.028318,3.758869,0.008000,0.023000,0.030000,68.825684,98.000000,0.300000
1774778629822,2.655000,seed,0.002701,0.006705,0.009406,3.730665,0.028603,3.759268,0.009000,0.023000,0.032000,68.825684,98.000000,0.200000
1774778629864,2.697000,seed,0.002234,0.007357,0.009591,3.730760,0.028914,3.759673,0.008000,0.025000,0.033000,68.825684,98.000000,0.900000
1774778629906,2.739000,seed,0.002561,0.005634,0.008195,3.730876,0.029171,3.760047,0.009000,0.019000,0.028000,68.825684,98.000000,0.300000
1774778629952,2.785000,seed,15.451805,0.009732,15.461537,4.387924,0.029584,4.417508,52.664000,0.033000,52.697000,68.825684,98.000000,0.200000
1774778629994,2.827000,seed,0.002421,0.006985,0.009406,4.388026,0.029880,4.417907,0.008000,0.024000,0.032000,68.825684,100.000000,0.200000
1774778630037,2.870000,seed,0.002002,0.006518,0.008520,4.388111,0.030156,4.418267,0.007000,0.022000,0.029000,68.825684,100.000000,0.200000
1774778630079,2.912000,seed,0.002188,0.005402,0.007589,4.388204,0.030385,4.418589,0.007000,0.018000,0.026000,68.825684,100.000000,0.400000
1774778630121,2.954000,seed,0.002747,0.006705,0.009452,4.388320,0.030670,4.418990,0.009000,0.023000,0.032000,68.825684,100.000000,0.200000
1774778630164,2.997000,seed,0.002048,0.006332,0.008381,4.388407,0.030938,4.419345,0.007000,0.022000,0.029000,68.825684,100.000000,0.300000
1774778630206,3.039000,seed,0.003073,0.006752,0.009825,4.388549,0.031249,4.419797,0.010000,0.023000,0.033000,68.825684,98.000000,0.300000
1774778630252,3.085000,seed,0.002002,0.005261,0.007263,4.388633,0.031471,4.420104,0.007000,0.018000,0.025000,68.825684,98.000000,0.300000
1774778630295,3.128000,seed,15.451899,0.016577,15.468475,5.044029,0.032174,5.076203,52.664000,0.056000,52.721000,68.825684,98.000000,0.300000
1774778630337,3.170000,seed,0.004703,0.033015,0.037718,5.044228,0.033573,5.077802,0.016000,0.113000,0.129000,68.825684,98.000000,0.200000
1774778630379,3.212000,seed,0.010430,0.026961,0.037392,5.044672,0.034720,5.079391,0.036000,0.092000,0.127000,68.825684,98.000000,0.400000
1774778630422,3.255000,seed,0.009499,0.025937,0.035436,5.045076,0.035822,5.080898,0.032000,0.088000,0.121000,68.825684,100.000000,0.300000
1774778630464,3.297000,seed,0.009219,0.025937,0.035156,5.045467,0.036922,5.082388,0.031000,0.088000,0.120000,68.825684,100.000000,0.300000
1774778630507,3.340000,seed,0.009825,0.027427,0.037251,5.045949,0.038268,5.084217,0.033000,0.093000,0.127000,68.825684,100.000000,0.500000
1774778630556,3.389000,seed,0.008521,0.000233,0.008754,5.046309,0.038278,5.084587,0.029000,0.001000,0.030000,68.825684,100.000000,0.200000
1774778630598,3.431000,seed,0.000278,0.000325,0.000604,5.046321,0.038292,5.084613,0.001000,0.001000,0.002000,68.825684,97.000000,0.000000
1774778630640,3.473000,seed,0.005960,0.001210,0.007171,5.046572,0.038343,5.084915,0.020000,0.004000,0.024000,68.825684,97.000000,0.200000
1774778630683,3.516000,seed,0.008941,0.002607,0.011548,5.047011,0.038471,5.085481,0.030000,0.009000,0.039000,68.825684,97.000000,0.400000
1774778630732,3.565000,seed,0.000651,0.000278,0.000930,5.047040,0.038483,5.085523,0.002000,0.001000,0.003000,68.825684,97.000000,0.300000
1774778630776,3.609000,seed,0.000278,0.000233,0.000511,5.047052,0.038493,5.085545,0.001000,0.001000,0.002000,68.825684,97.000000,0.300000
1774778630819,3.652000,seed,0.000651,0.000278,0.000930,5.047079,0.038505,5.085584,0.002000,0.001000,0.003000,68.825684,57.000000,0.100000
1774778630861,3.694000,seed,0.000278,0.000233,0.000511,5.047091,0.038514,5.085605,0.001000,0.001000,0.002000,68.825684,57.000000,0.100000
1774778630903,3.736000,seed,0.000278,0.000325,0.000604,5.047103,0.038528,5.085631,0.001000,0.001000,0.002000,68.825684,57.000000,0.100000
1774778630945,3.778000,seed,0.000278,0.000233,0.000511,5.047114,0.038538,5.085652,0.001000,0.001000,0.002000,68.825684,57.000000,0.000000
1774778630987,3.820000,seed,0.000278,0.000233,0.000511,5.047126,0.038548,5.085674,0.001000,0.001000,0.002000,68.825684,57.000000,0.100000
1774778631029,3.862000,seed,0.000651,0.000233,0.000884,5.047154,0.038558,5.085711,0.002000,0.001000,0.003000,68.825684,0.000000,0.000000
1774778631071,3.904000,seed,0.000278,0.000233,0.000511,5.047165,0.038567,5.085733,0.001000,0.001000,0.002000,68.825684,0.000000,0.100000
1774778631114,3.947000,seed,0.000558,0.000278,0.000836,5.047190,0.038580,5.085769,0.002000,0.001000,0.003000,68.825684,0.000000,0.100000
1774778631157,3.990000,seed,0.000278,0.000233,0.000511,5.047202,0.038589,5.085791,0.001000,0.001000,0.002000,68.825684,0.000000,0.000000
1774778631199,4.032000,seed,0.000278,0.000325,0.000604,5.047213,0.038603,5.085816,0.001000,0.001000,0.002000,68.825684,0.000000,0.100000
1774778631242,4.075000,seed,0.000278,0.000233,0.000511,5.047225,0.038613,5.085838,0.001000,0.001000,0.002000,68.825684,0.000000,0.200000
1774778631284,4.117000,seed,0.000278,0.000278,0.000557,5.047237,0.038625,5.085861,0.001000,0.001000,0.002000,68.825684,0.000000,0.300000
1774778631326,4.159000,seed,0.000651,0.000233,0.000884,5.047264,0.038634,5.085899,0.002000,0.001000,0.003000,68.825684,0.000000,0.200000
1774778631368,4.201000,seed,0.000278,0.000278,0.000557,5.047276,0.038646,5.085922,0.001000,0.001000,0.002000,68.825684,0.000000,0.400000
1774778631410,4.243000,seed,0.000605,0.000278,0.000883,5.047303,0.038658,5.085961,0.002000,0.001000,0.003000,68.825684,0.000000,0.100000
1774778631454,4.287000,seed,0.000278,0.000233,0.000511,5.047314,0.038668,5.085983,0.001000,0.001000,0.002000,68.825684,0.000000,0.100000
1774778631497,4.330000,seed,0.000278,0.000278,0.000557,5.047326,0.038680,5.086006,0.001000,0.001000,0.002000,68.825684,0.000000,0.000000
1774778631539,4.372000,seed,0.000278,0.000278,0.000557,5.047338,0.038692,5.086030,0.001000,0.001000,0.002000,68.825684,0.000000,0.300000
1774778631581,4.414000,seed,0.000278,0.000233,0.000511,5.047350,0.038702,5.086051,0.001000,0.001000,0.002000,68.825684,0.000000,0.100000
1774778631623,4.456000,seed,0.000698,0.000278,0.000977,5.047379,0.038713,5.086092,0.002000,0.001000,0.003000,68.825684,0.000000,0.000000
1774778631665,4.498000,seed,0.000278,0.005168,0.005446,5.047391,0.038931,5.086322,0.001000,0.018000,0.019000,68.825684,0.000000,0.100000
1774778631707,4.540000,seed,0.001350,0.008195,0.009545,5.047448,0.039276,5.086724,0.005000,0.028000,0.033000,68.825684,0.000000,0.100000
1774778631749,4.582000,seed,0.000278,0.000233,0.000511,5.047459,0.039286,5.086745,0.001000,0.001000,0.002000,68.825684,0.000000,0.100000
1774778631792,4.625000,idle,0.000278,0.000372,0.000650,5.047471,0.039302,5.086773,0.001000,0.001000,0.002000,68.825684,0.000000,0.000000
1774778631834,4.667000,idle,0.000278,0.000233,0.000511,5.047483,0.039312,5.086795,0.001000,0.001000,0.002000,68.825684,0.000000,0.100000
1774778631877,4.710000,idle,0.000278,0.000233,0.000511,5.047495,0.039322,5.086817,0.001000,0.001000,0.002000,68.825684,0.000000,0.000000
1774778631919,4.752000,idle,0.000651,0.000233,0.000884,5.047522,0.039331,5.086854,0.002000,0.001000,0.003000,68.825684,0.000000,0.000000
1774778631961,4.794000,idle,0.000278,0.000278,0.000557,5.047534,0.039343,5.086877,0.001000,0.001000,0.002000,68.825684,0.000000,0.000000
1774778632004,4.837000,idle,0.000278,0.000278,0.000557,5.047546,0.039355,5.086901,0.001000,0.001000,0.002000,68.825684,0.000000,0.100000
1774778632046,4.879000,reuse,0.000278,0.000233,0.000511,5.047558,0.039365,5.086922,0.001000,0.001000,0.002000,68.825684,0.000000,0.200000
1774778632088,4.921000,reuse,0.000278,0.002467,0.002746,5.047571,0.039485,5.087057,0.001000,0.008000,0.009000,68.825684,0.000000,0.200000
1774778632137,4.970000,reuse,0.000651,0.000278,0.000930,5.047600,0.039498,5.087098,0.002000,0.001000,0.003000,68.825684,0.000000,0.200000
1774778632181,5.014000,reuse,0.000278,0.000233,0.000511,5.047612,0.039507,5.087119,0.001000,0.001000,0.002000,68.825684,0.000000,0.000000
1774778632224,5.057000,reuse,0.001908,0.000278,0.002187,5.047693,0.039519,5.087212,0.007000,0.001000,0.007000,68.825684,0.000000,0.100000
1774778632266,5.099000,reuse,0.000278,0.000233,0.000511,5.047705,0.039529,5.087234,0.001000,0.001000,0.002000,68.825684,0.000000,0.000000
1774778632308,5.141000,reuse,0.329595,29.655033,29.984628,5.062631,1.382564,6.445195,1.123000,100.000000,102.196000,68.825684,0.000000,0.300000
1774778632353,5.186000,reuse,3.146892,27.941400,31.088291,5.203192,2.630605,7.833797,10.725000,95.232000,105.957000,68.825684,0.000000,0.200000
1774778632398,5.231000,reuse,3.188662,35.529723,38.718385,5.363895,4.421246,9.785141,10.868000,100.000000,131.963000,68.825684,0.000000,0.400000
1774778632448,5.281000,reuse,1.789396,0.016856,1.806252,5.445437,4.422014,9.867451,6.099000,0.057000,6.156000,68.825684,0.000000,0.300000
1774778632494,5.327000,reuse,0.004889,0.032503,0.037392,5.445645,4.423395,9.869040,0.017000,0.111000,0.127000,68.825684,0.000000,0.400000
1774778632536,5.369000,reuse,0.009545,0.027659,0.037205,5.446056,4.424587,9.870643,0.033000,0.094000,0.127000,68.825684,0.000000,0.400000
1774778632580,5.413000,reuse,0.009173,0.027101,0.036274,5.446447,4.425742,9.872190,0.031000,0.092000,0.124000,68.825684,0.000000,0.300000
1774778632622,5.455000,reuse,0.010291,0.026123,0.036414,5.446893,4.426874,9.873767,0.035000,0.089000,0.124000,68.825684,73.000000,0.400000
1774778632666,5.499000,reuse,0.009266,0.026588,0.035854,5.447289,4.428010,9.875299,0.032000,0.091000,0.122000,68.825684,73.000000,0.300000
1774778632708,5.541000,reuse,0.005122,0.005774,0.010896,5.447506,4.428254,9.875760,0.017000,0.020000,0.037000,68.825684,73.000000,0.100000
1774778632751,5.584000,reuse,0.001443,0.007823,0.009266,5.447567,4.428586,9.876153,0.005000,0.027000,0.032000,68.825684,73.000000,0.200000
1774778632793,5.626000,reuse,0.000233,0.000233,0.000465,5.447577,4.428596,9.876173,0.001000,0.001000,0.002000,68.825684,73.000000,0.000000
1774778632835,5.668000,reuse,0.000651,0.000233,0.000884,5.447605,4.428606,9.876211,0.002000,0.001000,0.003000,68.825684,99.000000,0.000000
1774778632878,5.711000,reuse,0.000278,0.000233,0.000511,5.447616,4.428616,9.876232,0.001000,0.001000,0.002000,68.825684,99.000000,0.000000
1774778632921,5.754000,reuse,0.000651,0.000233,0.000884,5.447644,4.428626,9.876270,0.002000,0.001000,0.003000,68.825684,99.000000,0.100000
1774778632963,5.796000,reuse,0.000278,0.000278,0.000557,5.447656,4.428637,9.876293,0.001000,0.001000,0.002000,68.825684,99.000000,0.000000
1774778633005,5.838000,reuse,0.000278,0.000278,0.000557,5.447668,4.428649,9.876317,0.001000,0.001000,0.002000,68.825684,21.000000,0.100000
1774778633048,5.881000,reuse,0.000278,0.000233,0.000511,5.447679,4.428659,9.876338,0.001000,0.001000,0.002000,68.825684,21.000000,0.100000
1774778633090,5.923000,reuse,0.000278,0.000233,0.000511,5.447691,4.428669,9.876360,0.001000,0.001000,0.002000,68.825684,21.000000,0.000000
1774778633132,5.965000,reuse,0.000651,0.000278,0.000930,5.447719,4.428681,9.876399,0.002000,0.001000,0.003000,68.825684,21.000000,0.000000
1774778633174,6.007000,reuse,0.000278,0.000233,0.000511,5.447730,4.428690,9.876421,0.001000,0.001000,0.002000,68.825684,21.000000,0.000000
1774778633216,6.049000,reuse,0.000465,0.000278,0.000744,5.447751,4.428703,9.876454,0.002000,0.001000,0.003000,68.825684,0.000000,0.100000
1774778633261,6.094000,reuse,0.000278,0.000233,0.000511,5.447763,4.428713,9.876475,0.001000,0.001000,0.002000,68.825684,0.000000,0.000000
1774778633303,6.136000,reuse,0.000278,0.000278,0.000557,5.447774,4.428724,9.876499,0.001000,0.001000,0.002000,68.825684,0.000000,0.000000
1774778633345,6.178000,reuse,0.000278,0.000278,0.000557,5.447786,4.428736,9.876522,0.001000,0.001000,0.002000,68.825684,0.000000,0.000000
1774778633387,6.220000,reuse,0.000278,0.000233,0.000511,5.447798,4.428746,9.876544,0.001000,0.001000,0.002000,68.825684,0.000000,0.000000
1774778633429,6.262000,reuse,0.000651,0.000278,0.000930,5.447825,4.428758,9.876583,0.002000,0.001000,0.003000,68.825684,0.000000,0.100000
1774778633471,6.304000,reuse,0.000278,0.000233,0.000511,5.447837,4.428767,9.876604,0.001000,0.001000,0.002000,68.825684,0.000000,0.000000
1774778633513,6.346000,reuse,0.000278,0.000278,0.000557,5.447849,4.428779,9.876628,0.001000,0.001000,0.002000,68.825684,0.000000,0.000000
1774778633555,6.388000,reuse,0.000278,0.000278,0.000557,5.447861,4.428791,9.876651,0.001000,0.001000,0.002000,68.825684,0.000000,0.000000
1774778633598,6.431000,reuse,0.000278,0.000512,0.000791,5.447873,4.428813,9.876685,0.001000,0.002000,0.003000,68.825684,0.000000,0.100000
1774778633640,6.473000,reuse,0.000278,0.000233,0.000511,5.447884,4.428823,9.876707,0.001000,0.001000,0.002000,68.825684,0.000000,0.000000
1774778633683,6.516000,reuse,0.000278,0.000278,0.000557,5.447896,4.428835,9.876731,0.001000,0.001000,0.002000,68.825684,0.000000,0.000000
1774778633726,6.559000,reuse,0.000651,0.000233,0.000884,5.447924,4.428844,9.876768,0.002000,0.001000,0.003000,68.825684,0.000000,0.100000
1774778633768,6.601000,reuse,0.005914,0.001210,0.007124,5.448172,4.428895,9.877068,0.020000,0.004000,0.024000,68.825684,0.000000,0.000000
1774778633810,6.643000,reuse,0.008847,0.000278,0.009126,5.448547,4.428907,9.877454,0.030000,0.001000,0.031000,68.825684,0.000000,0.100000
1774778633852,6.685000,reuse,0.000278,0.000278,0.000557,5.448558,4.428919,9.877477,0.001000,0.001000,0.002000,68.825684,0.000000,0.000000
1774778633894,6.727000,reuse,0.000233,0.000233,0.000465,5.448568,4.428929,9.877497,0.001000,0.001000,0.002000,68.825684,0.000000,0.100000
1774778633937,6.770000,idle,0.000651,0.000233,0.000884,5.448596,4.428939,9.877534,0.002000,0.001000,0.003000,68.825684,0.000000,0.000000
1774778633979,6.812000,idle,0.000233,0.000278,0.000511,5.448606,4.428950,9.877556,0.001000,0.001000,0.002000,68.825684,0.000000,0.100000
1774778634021,6.854000,idle,0.000651,0.000233,0.000884,5.448633,4.428960,9.877593,0.002000,0.001000,0.003000,68.825684,0.000000,0.100000
1774778634064,6.897000,idle,0.000278,0.000233,0.000511,5.448645,4.428970,9.877615,0.001000,0.001000,0.002000,68.825684,0.000000,0.100000
1774778634106,6.939000,idle,0.000278,0.000325,0.000604,5.448657,4.428984,9.877640,0.001000,0.001000,0.002000,68.825684,0.000000,0.000000
1774778634148,6.981000,idle,0.000278,0.000233,0.000511,5.448668,4.428994,9.877662,0.001000,0.001000,0.002000,68.825684,0.000000,0.000000
1774778634190,7.023000,idle,0.000278,0.000278,0.000557,5.448680,4.429005,9.877685,0.001000,0.001000,0.002000,68.825684,0.000000,0.300000
1774778634232,7.065000,reuse,0.000651,0.000278,0.000930,5.448708,4.429017,9.877725,0.002000,0.001000,0.003000,68.825684,0.000000,0.200000
1774778634275,7.108000,reuse,0.000278,0.000278,0.000557,5.448719,4.429029,9.877748,0.001000,0.001000,0.002000,68.825684,0.000000,0.000000
1774778634317,7.150000,reuse,0.000698,0.000278,0.000977,5.448751,4.429041,9.877792,0.002000,0.001000,0.003000,68.825684,0.000000,0.100000
1774778634361,7.194000,reuse,0.000278,0.011128,0.011407,5.448762,4.429510,9.878272,0.001000,0.038000,0.039000,68.825684,0.000000,0.400000
1774778634404,7.237000,reuse,0.000278,0.000325,0.000604,5.448774,4.429524,9.878298,0.001000,0.001000,0.002000,68.825684,0.000000,0.300000
1774778634446,7.279000,reuse,0.000278,8.703861,8.704140,5.448786,4.801853,10.250639,0.001000,29.665000,29.666000,68.825684,0.000000,0.300000
1774778634488,7.321000,reuse,3.188010,27.545169,30.733179,5.590307,6.024629,11.614936,10.866000,93.881000,104.747000,68.825684,0.000000,0.500000
1774778634533,7.366000,reuse,3.298558,27.852133,31.150691,5.742058,7.305976,13.048034,11.242000,94.928000,106.170000,68.825684,0.000000,0.300000
1774778634579,7.412000,reuse,3.180186,22.571115,25.751301,5.882501,8.302757,14.185258,10.839000,76.928000,87.767000,68.825684,0.000000,0.200000
1774778634623,7.456000,reuse,0.004982,0.014342,0.019324,5.882723,8.303397,14.186120,0.017000,0.049000,0.066000,68.825684,4.000000,0.400000
1774778634668,7.501000,reuse,1.936358,0.026263,1.962622,5.964903,8.304511,14.269414,6.600000,0.090000,6.689000,68.825684,4.000000,0.400000
1774778634710,7.543000,reuse,0.009266,0.026217,0.035482,5.965297,8.305628,14.270926,0.032000,0.089000,0.121000,68.825684,4.000000,0.400000
1774778634753,7.586000,reuse,0.009219,0.026356,0.035575,5.965689,8.306748,14.272437,0.031000,0.090000,0.121000,68.825684,4.000000,0.300000
1774778634795,7.628000,reuse,0.009080,0.032549,0.041629,5.966074,8.308129,14.274203,0.031000,0.111000,0.142000,68.825684,4.000000,0.400000
1774778634838,7.671000,reuse,0.010663,0.034878,0.045541,5.966531,8.309623,14.276154,0.036000,0.119000,0.155000,68.825684,98.000000,0.400000
1774778634880,7.713000,reuse,0.003166,0.000278,0.003445,5.966665,8.309635,14.276300,0.011000,0.001000,0.012000,68.825684,98.000000,0.100000
1774778634923,7.756000,reuse,0.000651,0.000278,0.000930,5.966693,8.309647,14.276340,0.002000,0.001000,0.003000,68.825684,98.000000,0.000000
1774778634965,7.798000,reuse,0.000278,0.000233,0.000511,5.966704,8.309657,14.276361,0.001000,0.001000,0.002000,68.825684,98.000000,0.000000
1774778635007,7.840000,reuse,0.000278,0.000325,0.000604,5.966716,8.309670,14.276387,0.001000,0.001000,0.002000,68.825684,98.000000,0.100000
1774778635049,7.882000,reuse,0.000278,0.000233,0.000511,5.966728,8.309680,14.276408,0.001000,0.001000,0.002000,68.825684,98.000000,0.000000
1774778635092,7.925000,reuse,0.000278,0.000278,0.000557,5.966740,8.309692,14.276432,0.001000,0.001000,0.002000,68.825684,98.000000,0.000000
1774778635134,7.967000,reuse,0.000651,0.000233,0.000884,5.966767,8.309702,14.276469,0.002000,0.001000,0.003000,68.825684,98.000000,0.100000
1774778635176,8.009000,reuse,0.000278,0.000278,0.000557,5.966779,8.309714,14.276492,0.001000,0.001000,0.002000,68.825684,98.000000,0.000000
1774778635218,8.051000,reuse,0.000792,0.000278,0.001070,5.966814,8.309726,14.276540,0.003000,0.001000,0.004000,68.825684,0.000000,0.000000
1774778635262,8.095000,reuse,0.000278,0.000278,0.000557,5.966825,8.309738,14.276563,0.001000,0.001000,0.002000,68.825684,0.000000,0.000000
1774778635304,8.137000,reuse,0.000278,0.000278,0.000557,5.966837,8.309749,14.276586,0.001000,0.001000,0.002000,68.825684,0.000000,0.100000
1774778635347,8.180000,reuse,0.000278,0.000278,0.000557,5.966849,8.309761,14.276610,0.001000,0.001000,0.002000,68.825684,0.000000,0.000000
1774778635389,8.222000,reuse,0.000278,0.000233,0.000511,5.966861,8.309771,14.276631,0.001000,0.001000,0.002000,68.825684,0.000000,0.000000
1774778635431,8.264000,reuse,0.000698,0.000233,0.000931,5.966890,8.309781,14.276671,0.002000,0.001000,0.003000,68.825684,0.000000,0.000000
1774778635473,8.306000,reuse,0.000278,0.000233,0.000511,5.966902,8.309790,14.276692,0.001000,0.001000,0.002000,68.825684,0.000000,0.100000
1774778635515,8.348000,reuse,0.000278,0.000325,0.000604,5.966914,8.309804,14.276718,0.001000,0.001000,0.002000,68.825684,0.000000,0.100000
1774778635557,8.390000,reuse,0.000278,0.000233,0.000511,5.966925,8.309814,14.276739,0.001000,0.001000,0.002000,68.825684,0.000000,0.000000
1774778635599,8.432000,reuse,0.000278,0.000419,0.000697,5.966937,8.309832,14.276769,0.001000,0.001000,0.002000,68.825684,0.000000,0.100000
1774778635642,8.475000,reuse,0.000278,0.000278,0.000557,5.966949,8.309844,14.276793,0.001000,0.001000,0.002000,68.825684,0.000000,0.000000
1774778635685,8.518000,reuse,0.000278,0.000233,0.000511,5.966961,8.309854,14.276814,0.001000,0.001000,0.002000,68.825684,0.000000,0.000000
1774778635727,8.560000,reuse,0.000651,0.000233,0.000884,5.966988,8.309863,14.276852,0.002000,0.001000,0.003000,68.825684,0.000000,0.000000
1774778635769,8.602000,reuse,0.000278,0.000278,0.000557,5.967000,8.309875,14.276875,0.001000,0.001000,0.002000,68.825684,0.000000,0.100000
1774778635811,8.644000,reuse,0.000278,0.000278,0.000557,5.967012,8.309887,14.276899,0.001000,0.001000,0.002000,68.825684,0.000000,0.100000
1774778635853,8.686000,reuse,0.000278,0.005215,0.005493,5.967023,8.310107,14.277130,0.001000,0.018000,0.019000,68.825684,0.000000,0.000000
1774778635896,8.729000,reuse,0.001396,0.007730,0.009126,5.967082,8.310433,14.277516,0.005000,0.026000,0.031000,68.825684,0.000000,0.100000
1774778635938,8.771000,reuse,0.000605,0.000233,0.000837,5.967109,8.310443,14.277552,0.002000,0.001000,0.003000,68.825684,0.000000,0.000000
1774778635982,8.815000,reuse,0.000278,0.000233,0.000511,5.967121,8.310453,14.277574,0.001000,0.001000,0.002000,68.825684,0.000000,0.000000
1774778636024,8.857000,reuse,0.000698,0.000233,0.000931,5.967150,8.310463,14.277613,0.002000,0.001000,0.003000,68.825684,0.000000,0.000000
1774778636066,8.899000,reuse,0.000278,0.000233,0.000511,5.967162,8.310473,14.277635,0.001000,0.001000,0.002000,68.825684,0.000000,0.200000
1774778636108,8.941000,idle,0.000278,0.000325,0.000604,5.967174,8.310487,14.277661,0.001000,0.001000,0.002000,68.825684,0.000000,0.000000
1774778636153,8.986000,idle,0.000278,0.000233,0.000511,5.967186,8.310497,14.277683,0.001000,0.001000,0.002000,68.825684,0.000000,0.100000
1774778636195,9.028000,idle,0.000278,0.000278,0.000557,5.967198,8.310509,14.277707,0.001000,0.001000,0.002000,68.825684,0.000000,0.200000
1774778636237,9.070000,idle,0.000651,0.000233,0.000884,5.967226,8.310519,14.277744,0.002000,0.001000,0.003000,68.825684,0.000000,0.300000
1774778636280,9.113000,idle,0.000278,0.000233,0.000511,5.967237,8.310529,14.277766,0.001000,0.001000,0.002000,68.825684,0.000000,0.300000
1774778636322,9.155000,idle,0.000651,0.000278,0.000930,5.967265,8.310540,14.277805,0.002000,0.001000,0.003000,68.825684,0.000000,0.400000
1774778636364,9.197000,idle,0.000233,0.000233,0.000465,5.967275,8.310550,14.277825,0.001000,0.001000,0.002000,68.825684,0.000000,0.400000
1774778636407,9.240000,reuse,0.000278,0.000278,0.000557,5.967286,8.310562,14.277848,0.001000,0.001000,0.002000,68.825684,0.000000,0.200000
1774778636449,9.282000,reuse,0.000233,0.000278,0.000511,5.967296,8.310574,14.277870,0.001000,0.001000,0.002000,68.825684,0.000000,0.100000
1774778636491,9.324000,reuse,0.000278,0.000233,0.000511,5.967308,8.310583,14.277891,0.001000,0.001000,0.002000,68.825684,0.000000,0.100000
1774778636533,9.366000,reuse,0.000651,0.011222,0.011873,5.967335,8.311056,14.278392,0.002000,0.038000,0.040000,68.825684,0.000000,0.100000
1774778636575,9.408000,reuse,0.000278,0.000233,0.000511,5.967347,8.311066,14.278413,0.001000,0.001000,0.002000,68.825684,0.000000,0.000000
1774778636617,9.450000,reuse,0.000419,7.704692,7.705111,5.967366,8.655223,14.622588,0.001000,26.260000,26.261000,68.825684,0.000000,0.100000
1774778636662,9.495000,reuse,3.126589,27.622655,30.749244,6.104891,9.870223,15.975114,10.656000,94.146000,104.802000,68.825684,0.000000,0.400000
1774778636706,9.539000,reuse,3.221444,32.066926,35.288370,6.264162,11.455643,17.719805,10.980000,100.000000,120.272000,68.825684,0.000000,0.400000
1774778636755,9.588000,reuse,3.192666,18.046237,21.238903,6.413462,12.299543,18.713005,10.881000,61.506000,72.388000,68.825684,0.000000,0.300000
1774778636802,9.635000,reuse,0.004097,0.015087,0.019184,6.413639,12.300197,18.713836,0.014000,0.051000,0.065000,68.825684,23.000000,0.300000
1774778636845,9.678000,reuse,1.936964,0.025146,1.962110,6.495776,12.301263,18.797039,6.602000,0.086000,6.687000,68.825684,23.000000,0.400000
1774778636888,9.721000,reuse,0.009033,0.031292,0.040325,6.496160,12.302595,18.798755,0.031000,0.107000,0.137000,68.825684,23.000000,0.300000
1774778636930,9.763000,reuse,0.012666,0.034784,0.047450,6.496699,12.304073,18.800772,0.043000,0.119000,0.162000,68.825684,23.000000,0.400000
1774778636973,9.806000,reuse,0.008894,0.027241,0.036135,6.497078,12.305233,18.802311,0.030000,0.093000,0.123000,68.825684,23.000000,0.400000
1774778637015,9.848000,reuse,0.008986,0.026961,0.035948,6.497460,12.306381,18.803841,0.031000,0.092000,0.123000,68.825684,98.000000,0.200000
1774778637058,9.891000,reuse,0.003073,0.000278,0.003351,6.497590,12.306393,18.803982,0.010000,0.001000,0.011000,68.825684,98.000000,0.200000
1774778637100,9.933000,reuse,0.000278,0.000372,0.000650,6.497602,12.306408,18.804010,0.001000,0.001000,0.002000,68.825684,98.000000,0.000000
1774778637143,9.976000,reuse,0.000278,0.000233,0.000511,6.497613,12.306418,18.804032,0.001000,0.001000,0.002000,68.825684,98.000000,0.100000
1774778637185,10.018000,reuse,0.000325,0.000233,0.000558,6.497627,12.306428,18.804055,0.001000,0.001000,0.002000,68.825684,98.000000,0.100000
1774778637227,10.060000,reuse,0.000651,0.000233,0.000884,6.497655,12.306438,18.804092,0.002000,0.001000,0.003000,68.825684,80.000000,0.000000
1774778637269,10.102000,reuse,0.000278,0.000233,0.000511,6.497666,12.306448,18.804114,0.001000,0.001000,0.002000,68.825684,80.000000,0.000000
1774778637311,10.144000,reuse,0.000278,0.000278,0.000557,6.497678,12.306459,18.804137,0.001000,0.001000,0.002000,68.825684,80.000000,0.100000
1774778637354,10.187000,reuse,0.000278,0.000278,0.000557,6.497690,12.306471,18.804161,0.001000,0.001000,0.002000,68.825684,80.000000,0.000000
1774778637396,10.229000,reuse,0.000278,0.000233,0.000511,6.497702,12.306481,18.804182,0.001000,0.001000,0.002000,68.825684,80.000000,0.000000
1774778637438,10.271000,reuse,0.000698,0.000233,0.000931,6.497731,12.306491,18.804222,0.002000,0.001000,0.003000,68.825684,0.000000,0.100000
1774778637480,10.313000,reuse,0.000278,0.000233,0.000511,6.497743,12.306501,18.804244,0.001000,0.001000,0.002000,68.825684,0.000000,0.000000
1774778637522,10.355000,reuse,0.000651,0.000233,0.000884,6.497770,12.306510,18.804281,0.002000,0.001000,0.003000,68.825684,0.000000,0.000000
1774778637565,10.398000,reuse,0.000278,0.000233,0.000511,6.497782,12.306520,18.804302,0.001000,0.001000,0.002000,68.825684,0.000000,0.100000
1774778637607,10.440000,reuse,0.000278,0.000325,0.000604,6.497794,12.306534,18.804328,0.001000,0.001000,0.002000,68.825684,0.000000,0.000000
1774778637649,10.482000,reuse,0.000278,0.000233,0.000511,6.497806,12.306544,18.804349,0.001000,0.001000,0.002000,68.825684,0.000000,0.000000
1774778637691,10.524000,reuse,0.000278,0.000233,0.000511,6.497817,12.306554,18.804371,0.001000,0.001000,0.002000,68.825684,0.000000,0.100000
1774778637733,10.566000,reuse,0.000651,0.000233,0.000884,6.497845,12.306563,18.804408,0.002000,0.001000,0.003000,68.825684,0.000000,0.000000
1774778637775,10.608000,reuse,0.000278,0.000233,0.000511,6.497857,12.306573,18.804430,0.001000,0.001000,0.002000,68.825684,0.000000,0.000000
1774778637817,10.650000,reuse,0.000325,0.000278,0.000604,6.497871,12.306585,18.804456,0.001000,0.001000,0.002000,68.825684,0.000000,0.000000
1774778637862,10.695000,reuse,0.000278,0.000278,0.000557,6.497883,12.306597,18.804480,0.001000,0.001000,0.002000,68.825684,0.000000,0.100000
1774778637904,10.737000,reuse,0.000278,0.000278,0.000557,6.497894,12.306609,18.804503,0.001000,0.001000,0.002000,68.825684,0.000000,0.100000
1774778637946,10.779000,reuse,0.000278,0.005168,0.005446,6.497906,12.306826,18.804732,0.001000,0.018000,0.019000,68.825684,0.000000,0.000000
1774778637988,10.821000,reuse,0.001396,0.007776,0.009172,6.497965,12.307154,18.805119,0.005000,0.027000,0.031000,68.825684,0.000000,0.100000
1774778638030,10.863000,reuse,0.000698,0.000233,0.000931,6.497994,12.307164,18.805159,0.002000,0.001000,0.003000,68.825684,0.000000,0.000000
1774778638072,10.905000,reuse,0.000278,0.000233,0.000511,6.498006,12.307174,18.805180,0.001000,0.001000,0.002000,68.825684,0.000000,0.100000
1774778638115,10.948000,reuse,0.000278,0.000325,0.000604,6.498018,12.307188,18.805206,0.001000,0.001000,0.002000,68.825684,0.000000,0.000000
1774778638157,10.990000,reuse,0.000278,0.000233,0.000511,6.498030,12.307197,18.805227,0.001000,0.001000,0.002000,68.825684,0.000000,0.100000
1774778638199,11.032000,reuse,0.000278,0.000325,0.000604,6.498041,12.307211,18.805253,0.001000,0.001000,0.002000,68.825684,0.000000,0.000000
1774778638241,11.074000,reuse,0.000278,0.000278,0.000557,6.498053,12.307223,18.805277,0.001000,0.001000,0.002000,68.825684,0.000000,0.100000
1774778638284,11.117000,reuse,0.000278,0.000233,0.000511,6.498065,12.307233,18.805298,0.001000,0.001000,0.002000,68.825684,0.000000,0.400000
1774778638326,11.159000,idle,0.000651,0.000233,0.000884,6.498093,12.307243,18.805335,0.002000,0.001000,0.003000,68.825684,0.000000,0.200000
1774778638368,11.201000,idle,0.000278,0.000278,0.000557,6.498104,12.307255,18.805359,0.001000,0.001000,0.002000,68.825684,0.000000,0.000000
1774778638411,11.244000,idle,0.000278,0.000278,0.000557,6.498116,12.307266,18.805382,0.001000,0.001000,0.002000,68.825684,0.000000,0.000000
1774778638453,11.286000,idle,0.000278,0.000233,0.000511,6.498128,12.307276,18.805404,0.001000,0.001000,0.002000,68.825684,0.000000,0.100000
1774778638495,11.328000,idle,0.000278,0.000233,0.000511,6.498140,12.307286,18.805425,0.001000,0.001000,0.002000,68.825684,0.000000,0.000000
1774778638537,11.370000,idle,0.000651,0.000278,0.000930,6.498167,12.307298,18.805465,0.002000,0.001000,0.003000,68.825684,0.000000,0.200000
1774778638579,11.412000,reuse,0.000278,0.000233,0.000511,6.498179,12.307307,18.805486,0.001000,0.001000,0.002000,68.825684,0.000000,0.300000
1774778638621,11.454000,reuse,0.000884,0.000233,0.001117,6.498217,12.307317,18.805534,0.003000,0.001000,0.004000,68.825684,0.000000,0.100000
1774778638664,11.497000,reuse,0.000278,0.000233,0.000511,6.498228,12.307327,18.805555,0.001000,0.001000,0.002000,68.825684,0.000000,0.100000
1774778638706,11.539000,reuse,0.000278,0.000325,0.000604,6.498240,12.307341,18.805581,0.001000,0.001000,0.002000,68.825684,0.000000,0.000000
1774778638748,11.581000,reuse,0.001583,0.000278,0.001862,6.498307,12.307353,18.805659,0.005000,0.001000,0.006000,68.825684,0.000000,0.100000
1774778638790,11.623000,reuse,0.000278,0.000233,0.000511,6.498318,12.307362,18.805681,0.001000,0.001000,0.002000,68.825684,0.000000,0.000000
1774778638832,11.665000,reuse,0.136112,27.680210,27.816322,6.504294,13.522664,20.026958,0.464000,94.342000,94.806000,68.825684,0.000000,0.200000
1774778638876,11.709000,reuse,3.164820,28.213718,31.378538,6.646446,14.789916,21.436362,10.787000,96.160000,106.947000,68.825684,0.000000,0.200000
1774778638921,11.754000,reuse,4.122732,28.699450,32.822182,6.861253,16.285248,23.146502,14.051000,97.816000,111.867000,68.825684,0.000000,0.400000
1774778638973,11.806000,reuse,2.897437,0.014854,2.912292,6.986043,16.285888,23.271931,9.875000,0.051000,9.926000,68.825684,0.000000,0.200000
1774778639016,11.849000,reuse,0.007823,0.015367,0.023190,6.986375,16.286540,23.272915,0.027000,0.052000,0.079000,68.825684,31.000000,0.400000
1774778639059,11.892000,reuse,1.198472,0.025192,1.223664,7.037572,16.287616,23.325188,4.085000,0.086000,4.171000,68.825684,31.000000,0.500000
1774778639102,11.935000,reuse,0.008894,0.026356,0.035250,7.037953,16.288747,23.326700,0.030000,0.090000,0.120000,68.825684,31.000000,0.200000
1774778639144,11.977000,reuse,0.008941,0.026868,0.035809,7.038335,16.289895,23.328230,0.030000,0.092000,0.122000,68.825684,31.000000,0.400000
1774778639187,12.020000,reuse,0.009033,0.027380,0.036413,7.038720,16.291061,23.329781,0.031000,0.093000,0.124000,68.825684,31.000000,0.400000
1774778639230,12.063000,reuse,0.009406,0.018486,0.027892,7.039120,16.291847,23.330966,0.032000,0.063000,0.095000,68.825684,98.000000,0.300000
1774778639272,12.105000,reuse,0.000325,0.000278,0.000604,7.039133,16.291858,23.330992,0.001000,0.001000,0.002000,68.825684,98.000000,0.000000
1774778639314,12.147000,reuse,0.000325,0.000278,0.000604,7.039147,16.291870,23.331017,0.001000,0.001000,0.002000,68.825684,98.000000,0.000000
1774778639357,12.190000,reuse,0.000278,0.000278,0.000557,7.039159,16.291882,23.331041,0.001000,0.001000,0.002000,68.825684,98.000000,0.300000
1774778639399,12.232000,reuse,0.000278,0.000419,0.000697,7.039171,16.291900,23.331070,0.001000,0.001000,0.002000,68.825684,98.000000,0.300000
1774778639441,12.274000,reuse,0.000278,0.000233,0.000511,7.039183,16.291910,23.331092,0.001000,0.001000,0.002000,68.825684,73.000000,0.300000
1774778639484,12.317000,reuse,0.000278,0.000278,0.000557,7.039194,16.291921,23.331116,0.001000,0.001000,0.002000,68.825684,73.000000,0.200000
1774778639526,12.359000,reuse,0.000651,0.000233,0.000884,7.039222,16.291931,23.331153,0.002000,0.001000,0.003000,68.825684,73.000000,0.100000
1774778639569,12.402000,reuse,0.000278,0.000278,0.000557,7.039234,16.291943,23.331176,0.001000,0.001000,0.002000,68.825684,73.000000,0.000000
1774778639611,12.444000,reuse,0.000278,0.000278,0.000557,7.039245,16.291955,23.331200,0.001000,0.001000,0.002000,68.825684,0.000000,0.000000
1774778639653,12.486000,reuse,0.000278,0.000233,0.000511,7.039257,16.291964,23.331221,0.001000,0.001000,0.002000,68.825684,0.000000,0.000000
1774778639695,12.528000,reuse,0.000278,0.000278,0.000557,7.039269,16.291976,23.331245,0.001000,0.001000,0.002000,68.825684,0.000000,0.000000
1774778639737,12.570000,reuse,0.000651,0.000233,0.000884,7.039296,16.291986,23.331282,0.002000,0.001000,0.003000,68.825684,0.000000,0.100000
1774778639779,12.612000,reuse,0.000278,0.000278,0.000557,7.039308,16.291998,23.331306,0.001000,0.001000,0.002000,68.825684,0.000000,0.000000
1774778639821,12.654000,reuse,0.000931,0.000278,0.001209,7.039348,16.292010,23.331357,0.003000,0.001000,0.004000,68.825684,0.000000,0.000000
1774778639864,12.697000,reuse,0.000278,0.000233,0.000511,7.039359,16.292019,23.331379,0.001000,0.001000,0.002000,68.825684,0.000000,0.100000
1774778639906,12.739000,reuse,0.000233,0.000325,0.000558,7.039369,16.292033,23.331402,0.001000,0.001000,0.002000,68.825684,0.000000,0.100000
1774778639948,12.781000,reuse,0.000233,0.000233,0.000465,7.039379,16.292043,23.331422,0.001000,0.001000,0.002000,68.825684,0.000000,0.000000
1774778639990,12.823000,reuse,0.000278,0.000233,0.000511,7.039391,16.292053,23.331443,0.001000,0.001000,0.002000,68.825684,0.000000,0.400000
1774778640032,12.865000,reuse,0.000651,0.005168,0.005819,7.039418,16.292271,23.331689,0.002000,0.018000,0.020000,68.825684,0.000000,0.000000
1774778640075,12.908000,reuse,0.001396,0.007776,0.009172,7.039477,16.292599,23.332076,0.005000,0.027000,0.031000,68.825684,0.000000,0.100000
1774778640117,12.950000,reuse,0.000278,0.000278,0.000557,7.039489,16.292610,23.332099,0.001000,0.001000,0.002000,68.825684,0.000000,0.000000
1774778640159,12.992000,reuse,0.000278,0.000278,0.000557,7.039501,16.292622,23.332123,0.001000,0.001000,0.002000,68.825684,0.000000,0.100000
1774778640201,13.034000,reuse,0.000278,0.000419,0.000697,7.039512,16.292640,23.332152,0.001000,0.001000,0.002000,68.825684,0.000000,0.000000
1774778640244,13.077000,reuse,0.000278,0.000233,0.000511,7.039524,16.292650,23.332174,0.001000,0.001000,0.002000,68.825684,0.000000,0.100000
1774778640286,13.119000,reuse,0.000278,0.000233,0.000511,7.039536,16.292659,23.332195,0.001000,0.001000,0.002000,68.825684,0.000000,0.000000
1774778640328,13.161000,reuse,0.000651,0.000233,0.000884,7.039563,16.292669,23.332233,0.002000,0.001000,0.003000,68.825684,0.000000,0.100000
1774778640370,13.203000,reuse,0.000278,0.000278,0.000557,7.039575,16.292681,23.332256,0.001000,0.001000,0.002000,68.825684,0.000000,0.000000
1774778640412,13.245000,reuse,0.000278,0.000278,0.000557,7.039587,16.292693,23.332280,0.001000,0.001000,0.002000,68.825684,0.000000,0.000000
1774778640454,13.287000,reuse,0.000278,0.000233,0.000511,7.039599,16.292703,23.332301,0.001000,0.001000,0.002000,68.825684,0.000000,0.200000
1774778640497,13.330000,idle,0.000278,0.000233,0.000511,7.039610,16.292712,23.332323,0.001000,0.001000,0.002000,68.825684,0.000000,0.100000
1774778640539,13.372000,idle,0.000651,0.000278,0.000930,7.039638,16.292724,23.332362,0.002000,0.001000,0.003000,68.825684,0.000000,0.000000
1774778640581,13.414000,idle,0.000278,0.000233,0.000511,7.039649,16.292734,23.332383,0.001000,0.001000,0.002000,68.825684,0.000000,0.000000
1774778640623,13.456000,idle,0.000651,0.000278,0.000930,7.039677,16.292746,23.332423,0.002000,0.001000,0.003000,68.825684,0.000000,0.100000
1774778640665,13.498000,idle,0.000278,0.000233,0.000511,7.039689,16.292755,23.332444,0.001000,0.001000,0.002000,68.825684,0.000000,0.000000
1774778640707,13.540000,idle,0.000278,0.000325,0.000604,7.039700,16.292769,23.332470,0.001000,0.001000,0.002000,68.825684,0.000000,0.000000
1774778640749,13.582000,idle,0.000278,0.000278,0.000557,7.039712,16.292781,23.332493,0.001000,0.001000,0.002000,68.825684,0.000000,0.200000
1774778640791,13.624000,reuse,0.000278,0.000233,0.000511,7.039724,16.292791,23.332515,0.001000,0.001000,0.002000,68.825684,0.000000,0.300000
1774778640834,13.667000,reuse,0.000651,0.000278,0.000930,7.039751,16.292802,23.332554,0.002000,0.001000,0.003000,68.825684,0.000000,0.100000
1774778640876,13.709000,reuse,0.000278,0.000233,0.000511,7.039763,16.292812,23.332575,0.001000,0.001000,0.002000,68.825684,0.000000,0.100000
1774778640918,13.751000,reuse,0.000325,0.011455,0.011780,7.039778,16.293337,23.333115,0.001000,0.039000,0.040000,68.825684,0.000000,0.100000
1774778640964,13.797000,reuse,0.000278,0.000233,0.000511,7.039790,16.293347,23.333136,0.001000,0.001000,0.002000,68.825684,0.000000,0.100000
1774778641006,13.839000,reuse,0.000278,0.000325,0.000604,7.039801,16.293360,23.333162,0.001000,0.001000,0.002000,68.825684,0.000000,0.000000
1774778641048,13.881000,reuse,1.803692,27.529289,29.332981,7.118703,17.497609,24.616311,6.147000,93.827000,99.975000,68.825684,0.000000,0.400000
1774778641092,13.925000,reuse,3.373250,35.758922,39.132172,7.296019,19.377288,26.673307,11.497000,100.000000,133.373000,68.825684,0.000000,0.300000
1774778641146,13.979000,reuse,3.457069,27.972692,31.429762,7.475833,20.832249,28.308082,11.783000,95.339000,107.121000,68.825684,0.000000,0.500000
1774778641196,14.029000,reuse,0.276044,0.015553,0.291596,7.487721,20.832918,28.320639,0.941000,0.053000,0.994000,68.825684,0.000000,0.200000
1774778641239,14.072000,reuse,1.482059,0.026217,1.508276,7.550571,20.834030,28.384602,5.051000,0.089000,5.141000,68.825684,35.000000,0.500000
1774778641282,14.115000,reuse,0.009033,0.026217,0.035250,7.550955,20.835144,28.386099,0.031000,0.089000,0.120000,68.825684,35.000000,0.200000
1774778641324,14.157000,reuse,0.009871,0.026030,0.035901,7.551398,20.836311,28.387709,0.034000,0.089000,0.122000,68.825684,35.000000,0.300000
1774778641369,14.202000,reuse,0.009033,0.026915,0.035948,7.551781,20.837453,28.389234,0.031000,0.092000,0.123000,68.825684,35.000000,0.600000
1774778641412,14.245000,reuse,0.009033,0.027055,0.036088,7.552166,20.838607,28.390773,0.031000,0.092000,0.123000,68.825684,98.000000,0.600000
1774778641454,14.287000,reuse,0.004097,0.000233,0.004330,7.552339,20.838617,28.390956,0.014000,0.001000,0.015000,68.825684,98.000000,0.400000
1774778641496,14.329000,reuse,0.000278,0.000278,0.000557,7.552351,20.838628,28.390979,0.001000,0.001000,0.002000,68.825684,98.000000,0.300000
1774778641538,14.371000,reuse,0.000698,0.000233,0.000931,7.552381,20.838638,28.391019,0.002000,0.001000,0.003000,68.825684,98.000000,0.400000
1774778641581,14.414000,reuse,0.000278,0.000233,0.000511,7.552392,20.838648,28.391040,0.001000,0.001000,0.002000,68.825684,98.000000,0.000000
1774778641623,14.456000,reuse,0.000512,0.000278,0.000791,7.552414,20.838660,28.391074,0.002000,0.001000,0.003000,68.825684,66.000000,0.100000
1774778641666,14.499000,reuse,0.000278,0.000233,0.000511,7.552426,20.838670,28.391096,0.001000,0.001000,0.002000,68.825684,66.000000,0.100000
1774778641708,14.541000,reuse,0.000278,0.000325,0.000604,7.552438,20.838683,28.391121,0.001000,0.001000,0.002000,68.825684,66.000000,0.000000
1774778641750,14.583000,reuse,0.000278,0.000233,0.000511,7.552450,20.838693,28.391143,0.001000,0.001000,0.002000,68.825684,66.000000,0.000000
1774778641793,14.626000,reuse,0.000278,0.000278,0.000557,7.552461,20.838705,28.391166,0.001000,0.001000,0.002000,68.825684,66.000000,0.100000
1774778641835,14.668000,reuse,0.000651,0.000233,0.000884,7.552489,20.838715,28.391204,0.002000,0.001000,0.003000,68.825684,0.000000,0.000000
1774778641877,14.710000,reuse,0.000278,0.000233,0.000511,7.552501,20.838725,28.391225,0.001000,0.001000,0.002000,68.825684,0.000000,0.000000
1774778641919,14.752000,reuse,0.000278,0.000278,0.000557,7.552512,20.838736,28.391249,0.001000,0.001000,0.002000,68.825684,0.000000,0.000000
1774778641961,14.794000,reuse,0.000278,0.000278,0.000557,7.552524,20.838748,28.391272,0.001000,0.001000,0.002000,68.825684,0.000000,0.100000
1774778642003,14.836000,reuse,0.000278,0.000419,0.000697,7.552536,20.838766,28.391302,0.001000,0.001000,0.002000,68.825684,0.000000,0.000000
1774778642046,14.879000,reuse,0.000278,0.000233,0.000511,7.552548,20.838776,28.391323,0.001000,0.001000,0.002000,68.825684,0.000000,0.000000
1774778642088,14.921000,reuse,0.000278,0.000278,0.000557,7.552559,20.838787,28.391347,0.001000,0.001000,0.002000,68.825684,0.000000,0.100000
1774778642130,14.963000,reuse,0.000651,0.002701,0.003352,7.552587,20.838901,28.391488,0.002000,0.009000,0.011000,68.825684,0.000000,0.000000
1774778642172,15.005000,reuse,0.003632,0.004517,0.008148,7.552740,20.839091,28.391831,0.012000,0.015000,0.028000,68.825684,0.000000,0.400000
1774778642214,15.047000,reuse,0.004563,0.000325,0.004889,7.552932,20.839105,28.392037,0.016000,0.001000,0.017000,68.825684,0.000000,0.400000
1774778642257,15.090000,reuse,0.000278,0.000233,0.000511,7.552944,20.839115,28.392059,0.001000,0.001000,0.002000,68.825684,0.000000,0.300000
1774778642299,15.132000,reuse,0.000278,0.000233,0.000511,7.552956,20.839125,28.392080,0.001000,0.001000,0.002000,68.825684,0.000000,0.300000
1774778642341,15.174000,reuse,0.000651,0.000233,0.000884,7.552983,20.839134,28.392118,0.002000,0.001000,0.003000,68.825684,0.000000,0.100000
1774778642383,15.216000,reuse,0.000278,0.000233,0.000511,7.552995,20.839144,28.392139,0.001000,0.001000,0.002000,68.825684,0.000000,0.000000
1774778642425,15.258000,reuse,0.000651,0.000278,0.000930,7.553022,20.839156,28.392178,0.002000,0.001000,0.003000,68.825684,0.000000,0.100000
1774778642467,15.300000,reuse,0.000278,0.000233,0.000511,7.553034,20.839166,28.392200,0.001000,0.001000,0.002000,68.825684,0.000000,0.000000
1774778642509,15.342000,reuse,0.000233,0.000278,0.000511,7.553044,20.839178,28.392222,0.001000,0.001000,0.002000,68.825684,0.000000,0.000000
1774778642552,15.385000,reuse,0.000278,0.000233,0.000511,7.553056,20.839187,28.392243,0.001000,0.001000,0.002000,68.825684,0.000000,0.000000
1774778642594,15.427000,reuse,0.000278,0.000233,0.000511,7.553067,20.839197,28.392265,0.001000,0.001000,0.002000,68.825684,0.000000,0.000000
1774778642636,15.469000,reuse,0.000651,0.000233,0.000884,7.553095,20.839207,28.392302,0.002000,0.001000,0.003000,68.825684,0.000000,0.100000
1774778642678,15.511000,reuse,0.000278,0.000233,0.000511,7.553107,20.839217,28.392323,0.001000,0.001000,0.002000,68.825684,0.000000,0.200000
